[
 {
   "t2s": 1001,
   "country": "Deutsch (German)",
   "value": "de-DE"
 },
 {
   "t2s": 1001,
   "country": "Chinese, Mandarin (China)",
   "value": "zh-CN"
 },
 {
   "t2s": 1001,
   "country": "Chinese, Mandarin (Hong Kong)",
   "value": "zh-HK"
 },
 {
   "t2s": 1001,
   "country": "Chinese, Mandarin (Taiwan)",
   "value": "zh-TW"
 },
 {
   "t2s": 1001,
   "country": "Danish",
   "value": "da-DK"
 },
 {
   "t2s": 1001,
   "country": "Dutch",
   "value": "nl-NL"
 },
 {
   "t2s": 1001,
   "country": "English (Australian)",
   "value": "en-AU"
 },
 {
   "t2s": 1001,
   "country": "English (British)",
   "value": "en-GB"
 },
 {
   "t2s": 1001,
   "country": "English (Canada)",
   "value": "en-CA"
 },
 {
   "t2s": 1001,
   "country": "English (Indian)",
   "value": "en-IN"
 },
 {
   "t2s": 1001,
   "country": "English (US)",
   "value": "en-US"
 },
 {
   "t2s": 1001,
   "country": "Finnish (Finland)",
   "value": "fi-FI"
 },
 {
   "t2s": 1001,
   "country": "French",
   "value": "fr-FR"
 },
 {
   "t2s": 1001,
   "country": "French (Canadian)",
   "value": "fr-CA"
 },
 {
   "t2s": 1001,
   "country": "Catalan (Spain)",
   "value": "ca-ES"
 },
 {
   "t2s": 1001,
   "country": "Italian",
   "value": "it-IT"
 },
 {
   "t2s": 1001,
   "country": "Japanese",
   "value": "ja-JP"
 },
 {
   "t2s": 1001,
   "country": "Korean (South Korea)",
   "value": "ko-KR"
 },
 {
   "t2s": 1001,
   "country": "Norwegian",
   "value": "nb-NO"
 },
 {
   "t2s": 1001,
   "country": "Polish",
   "value": "pl-PL"
 },
 {
   "t2s": 1001,
   "country": "Portuguese (Brazilian)",
   "value": "pt-BR"
 },
 {
   "t2s": 1001,
   "country": "Portuguese (European)",
   "value": "pt-PT"
 },
 {
   "t2s": 1001,
   "country": "Russian",
   "value": "ru-RU"
 },
 {
   "t2s": 1001,
   "country": "Spanish (Castilian)",
   "value": "es-ES"
 },
 {
   "t2s": 1001,
   "country": "Spanish (Mexico)",
   "value": "es-MX"
 },
 {
   "t2s": 1001,
   "country": "Swedish",
   "value": "sv-SE"
 }
]